{
  "MSE": 0.058857835829257965,
  "RMSE": 0.24260633921902774,
  "R2": 0.9363239407539368
}