{
  "MSE": 0.05833381414413452,
  "RMSE": 0.24152394114069628,
  "R2": 0.9368932843208313
}