{
  "MSE": 0.061529748141765594,
  "RMSE": 0.2480519061441891,
  "R2": 0.9335739016532898
}