{
  "MSE": 0.05944567918777466,
  "RMSE": 0.24381484611847298,
  "R2": 0.9357689023017883
}