{
  "MSE": 0.06814570724964142,
  "RMSE": 0.26104732760486443,
  "R2": 0.9295171499252319
}