{
  "MSE": 0.06851771473884583,
  "RMSE": 0.2617588866473225,
  "R2": 0.9292198419570923
}