{
  "MSE": 0.06793324649333954,
  "RMSE": 0.26064007077450607,
  "R2": 0.9297715425491333
}