{
  "MSE": 0.06872518360614777,
  "RMSE": 0.26215488476499493,
  "R2": 0.9288008809089661
}