{
  "MSE": 0.06756523251533508,
  "RMSE": 0.2599331308535622,
  "R2": 0.9300892949104309
}