{
  "MSE": 0.06731531023979187,
  "RMSE": 0.2594519420620934,
  "R2": 0.9303613901138306
}