{
  "MSE": 0.06916721910238266,
  "RMSE": 0.26299661424129145,
  "R2": 0.9284607768058777
}