{
  "MSE": 0.10354200750589371,
  "RMSE": 0.3217794392217963,
  "R2": 0.8960593342781067
}