{
  "MSE": 0.10302239656448364,
  "RMSE": 0.3209710213780734,
  "R2": 0.8965684771537781
}