{
  "MSE": 0.10402057319879532,
  "RMSE": 0.32252220574527163,
  "R2": 0.8955744504928589
}