{
  "MSE": 0.10475994646549225,
  "RMSE": 0.3236664123221504,
  "R2": 0.8948391079902649
}