{
  "MSE": 0.10367117077112198,
  "RMSE": 0.3219800782208769,
  "R2": 0.8959447741508484
}