{
  "MSE": 0.10752912610769272,
  "RMSE": 0.32791634010474796,
  "R2": 0.8919941782951355
}