{
  "MSE": 0.10927180200815201,
  "RMSE": 0.33056285636494614,
  "R2": 0.8902183771133423
}