{
  "MSE": 0.14054086804389954,
  "RMSE": 0.3748878072755895,
  "R2": 0.8596470952033997
}