{
  "MSE": 0.07930193096399307,
  "RMSE": 0.28160598531280023,
  "R2": 0.9213887453079224
}