{
  "MSE": 0.1154809221625328,
  "RMSE": 0.3398248404141946,
  "R2": 0.8828861117362976
}