{
  "MSE": 0.11704472452402115,
  "RMSE": 0.34211799795395326,
  "R2": 0.8813197016716003
}