{
  "MSE": 0.116915263235569,
  "RMSE": 0.3419287399964633,
  "R2": 0.8814184069633484
}