{
  "MSE": 0.11481232941150665,
  "RMSE": 0.3388396809871988,
  "R2": 0.8835570216178894
}