{
  "MSE": 0.13930568099021912,
  "RMSE": 0.3732367626456685,
  "R2": 0.8569045066833496
}