{
  "MSE": 0.14510563015937805,
  "RMSE": 0.38092732923666434,
  "R2": 0.8540814518928528
}