{
  "MSE": 0.14412562549114227,
  "RMSE": 0.37963880925314036,
  "R2": 0.8550524711608887
}