{
  "MSE": 0.14489120244979858,
  "RMSE": 0.3806457703033078,
  "R2": 0.8542686700820923
}