{
  "MSE": 0.14414064586162567,
  "RMSE": 0.3796585911863785,
  "R2": 0.8550252914428711
}