{
  "MSE": 0.1448950469493866,
  "RMSE": 0.38065082024000235,
  "R2": 0.854278564453125
}