{
  "MSE": 0.05664290115237236,
  "RMSE": 0.23799769148538472,
  "R2": 0.9426244497299194
}