{
  "MSE": 0.05808926373720169,
  "RMSE": 0.2410171440732001,
  "R2": 0.9411603808403015
}